src_text,tgt_text,tgt_lang
Our company provides innovative IT solutions for businesses.,ہماری کمپنی کاروباروں کے لیے جدید آئی ٹی حل فراہم کرتی ہے۔,ur
Our company provides innovative IT solutions for businesses.,تقدم شركتنا حلول تقنية مبتكرة للأعمال.,ar
Our company provides innovative IT solutions for businesses.,我们公司为企业提供创新的IT解决方案。,zh
We specialize in cloud computing and data security.,ہم کلاؤڈ کمپیوٹنگ اور ڈیٹا سیکیورٹی میں مہارت رکھتے ہیں۔,ur
We specialize in cloud computing and data security.,نحن متخصصون في الحوسبة السحابية وأمن البيانات.,ar
We specialize in cloud computing and data security.,我们专注于云计算和数据安全。,zh
Contact us today to scale your digital presence.,اپنی ڈیجیٹل موجودگی کو بڑھانے کے لیے آج ہی ہم سے رابطہ کریں۔,ur
Contact us today to scale your digital presence.,تواصل معنا اليوم لتوسيع وجودك الرقمي.,ar
Contact us today to scale your digital presence.,今天联系我们，扩大您的数字影响力。,zh
Our web development team builds modern responsive websites.,ہماری ویب ڈویلپمنٹ ٹیم جدید اور ریسپانسیو ویب سائٹس بناتی ہے۔,ur
Our web development team builds modern responsive websites.,يبني فريق تطوير الويب لدينا مواقع ويب حديثة ومتجاوبة.,ar
Our web development team builds modern responsive websites.,我们的网页开发团队构建现代响应式网站。,zh
AI and Machine Learning solutions to automate workflows.,ورک فلو کو خودکار بنانے کے لیے اے آئی اور مشین لرننگ حل۔,ur
AI and Machine Learning solutions to automate workflows.,حلول الذكاء الاصطناعي والتعلم الآلي لأتمتة سير العمل.,ar
AI and Machine Learning solutions to automate workflows.,人工智能和机器学习解决方案用于自动化工作流程。,zh
Our company provides innovative IT solutions for businesses.,ہماری کمپنی کاروباروں کے لیے جدید آئی ٹی حل فراہم کرتی ہے۔,ur
Our company provides innovative IT solutions for businesses.,تقدم شركتنا حلول تقنية مبتكرة للأعمال.,ar
Our company provides innovative IT solutions for businesses.,我们公司为企业提供创新的IT解决方案。,zh
We specialize in cloud computing and data security.,ہم کلاؤڈ کمپیوٹنگ اور ڈیٹا سیکیورٹی میں مہارت رکھتے ہیں۔,ur
We specialize in cloud computing and data security.,نحن متخصصون في الحوسبة السحابية وأمن البيانات.,ar
We specialize in cloud computing and data security.,我们专注于云计算和数据安全。,zh
Contact us today to scale your digital presence.,اپنی ڈیجیٹل موجودگی کو بڑھانے کے لیے آج ہی ہم سے رابطہ کریں۔,ur
Contact us today to scale your digital presence.,تواصل معنا اليوم لتوسيع وجودك الرقمي.,ar
Contact us today to scale your digital presence.,今天联系我们，扩大您的数字影响力。,zh
Our web development team builds modern responsive websites.,ہماری ویب ڈویلپمنٹ ٹیم جدید اور ریسپانسیو ویب سائٹس بناتی ہے۔,ur
Our web development team builds modern responsive websites.,يبني فريق تطوير الويب لدينا مواقع ويب حديثة ومتجاوبة.,ar
Our web development team builds modern responsive websites.,我们的网页开发团队构建现代响应式网站。,zh
AI and Machine Learning solutions to automate workflows.,ورک فلو کو خودکار بنانے کے لیے اے آئی اور مشین لرننگ حل۔,ur
AI and Machine Learning solutions to automate workflows.,حلول الذكاء الاصطناعي والتعلم الآلي لأتمتة سير العمل.,ar
AI and Machine Learning solutions to automate workflows.,人工智能和机器学习解决方案用于自动化工作流程。,zh
Our company provides innovative IT solutions for businesses.,ہماری کمپنی کاروباروں کے لیے جدید آئی ٹی حل فراہم کرتی ہے۔,ur
Our company provides innovative IT solutions for businesses.,تقدم شركتنا حلول تقنية مبتكرة للأعمال.,ar
Our company provides innovative IT solutions for businesses.,我们公司为企业提供创新的IT解决方案。,zh
We specialize in cloud computing and data security.,ہم کلاؤڈ کمپیوٹنگ اور ڈیٹا سیکیورٹی میں مہارت رکھتے ہیں۔,ur
We specialize in cloud computing and data security.,نحن متخصصون في الحوسبة السحابية وأمن البيانات.,ar
We specialize in cloud computing and data security.,我们专注于云计算和数据安全。,zh
Contact us today to scale your digital presence.,اپنی ڈیجیٹل موجودگی کو بڑھانے کے لیے آج ہی ہم سے رابطہ کریں۔,ur
Contact us today to scale your digital presence.,تواصل معنا اليوم لتوسيع وجودك الرقمي.,ar
Contact us today to scale your digital presence.,今天联系我们，扩大您的数字影响力。,zh
Our web development team builds modern responsive websites.,ہماری ویب ڈویلپمنٹ ٹیم جدید اور ریسپانسیو ویب سائٹس بناتی ہے۔,ur
Our web development team builds modern responsive websites.,يبني فريق تطوير الويب لدينا مواقع ويب حديثة ومتجاوبة.,ar
Our web development team builds modern responsive websites.,我们的网页开发团队构建现代响应式网站。,zh
AI and Machine Learning solutions to automate workflows.,ورک فلو کو خودکار بنانے کے لیے اے آئی اور مشین لرننگ حل۔,ur
AI and Machine Learning solutions to automate workflows.,حلول الذكاء الاصطناعي والتعلم الآلي لأتمتة سير العمل.,ar
AI and Machine Learning solutions to automate workflows.,人工智能和机器学习解决方案用于自动化工作流程。,zh
Our company provides innovative IT solutions for businesses.,ہماری کمپنی کاروباروں کے لیے جدید آئی ٹی حل فراہم کرتی ہے۔,ur
Our company provides innovative IT solutions for businesses.,تقدم شركتنا حلول تقنية مبتكرة للأعمال.,ar
Our company provides innovative IT solutions for businesses.,我们公司为企业提供创新的IT解决方案。,zh
We specialize in cloud computing and data security.,ہم کلاؤڈ کمپیوٹنگ اور ڈیٹا سیکیورٹی میں مہارت رکھتے ہیں۔,ur
We specialize in cloud computing and data security.,نحن متخصصون في الحوسبة السحابية وأمن البيانات.,ar
We specialize in cloud computing and data security.,我们专注于云计算和数据安全。,zh
Contact us today to scale your digital presence.,اپنی ڈیجیٹل موجودگی کو بڑھانے کے لیے آج ہی ہم سے رابطہ کریں۔,ur
Contact us today to scale your digital presence.,تواصل معنا اليوم لتوسيع وجودك الرقمي.,ar
Contact us today to scale your digital presence.,今天联系我们，扩大您的数字影响力。,zh
Our web development team builds modern responsive websites.,ہماری ویب ڈویلپمنٹ ٹیم جدید اور ریسپانسیو ویب سائٹس بناتی ہے۔,ur
Our web development team builds modern responsive websites.,يبني فريق تطوير الويب لدينا مواقع ويب حديثة ومتجاوبة.,ar
Our web development team builds modern responsive websites.,我们的网页开发团队构建现代响应式网站。,zh
AI and Machine Learning solutions to automate workflows.,ورک فلو کو خودکار بنانے کے لیے اے آئی اور مشین لرننگ حل۔,ur
AI and Machine Learning solutions to automate workflows.,حلول الذكاء الاصطناعي والتعلم الآلي لأتمتة سير العمل.,ar
AI and Machine Learning solutions to automate workflows.,人工智能和机器学习解决方案用于自动化工作流程。,zh
Our company provides innovative IT solutions for businesses.,ہماری کمپنی کاروباروں کے لیے جدید آئی ٹی حل فراہم کرتی ہے۔,ur
Our company provides innovative IT solutions for businesses.,تقدم شركتنا حلول تقنية مبتكرة للأعمال.,ar
Our company provides innovative IT solutions for businesses.,我们公司为企业提供创新的IT解决方案。,zh
We specialize in cloud computing and data security.,ہم کلاؤڈ کمپیوٹنگ اور ڈیٹا سیکیورٹی میں مہارت رکھتے ہیں۔,ur
We specialize in cloud computing and data security.,نحن متخصصون في الحوسبة السحابية وأمن البيانات.,ar
We specialize in cloud computing and data security.,我们专注于云计算和数据安全。,zh
Contact us today to scale your digital presence.,اپنی ڈیجیٹل موجودگی کو بڑھانے کے لیے آج ہی ہم سے رابطہ کریں۔,ur
Contact us today to scale your digital presence.,تواصل معنا اليوم لتوسيع وجودك الرقمي.,ar
Contact us today to scale your digital presence.,今天联系我们，扩大您的数字影响力。,zh
Our web development team builds modern responsive websites.,ہماری ویب ڈویلپمنٹ ٹیم جدید اور ریسپانسیو ویب سائٹس بناتی ہے۔,ur
Our web development team builds modern responsive websites.,يبني فريق تطوير الويب لدينا مواقع ويب حديثة ومتجاوبة.,ar
Our web development team builds modern responsive websites.,我们的网页开发团队构建现代响应式网站。,zh
AI and Machine Learning solutions to automate workflows.,ورک فلو کو خودکار بنانے کے لیے اے آئی اور مشین لرننگ حل۔,ur
AI and Machine Learning solutions to automate workflows.,حلول الذكاء الاصطناعي والتعلم الآلي لأتمتة سير العمل.,ar
AI and Machine Learning solutions to automate workflows.,人工智能和机器学习解决方案用于自动化工作流程。,zh
Our company provides innovative IT solutions for businesses.,ہماری کمپنی کاروباروں کے لیے جدید آئی ٹی حل فراہم کرتی ہے۔,ur
Our company provides innovative IT solutions for businesses.,تقدم شركتنا حلول تقنية مبتكرة للأعمال.,ar
Our company provides innovative IT solutions for businesses.,我们公司为企业提供创新的IT解决方案。,zh
We specialize in cloud computing and data security.,ہم کلاؤڈ کمپیوٹنگ اور ڈیٹا سیکیورٹی میں مہارت رکھتے ہیں۔,ur
We specialize in cloud computing and data security.,نحن متخصصون في الحوسبة السحابية وأمن البيانات.,ar
We specialize in cloud computing and data security.,我们专注于云计算和数据安全。,zh
Contact us today to scale your digital presence.,اپنی ڈیجیٹل موجودگی کو بڑھانے کے لیے آج ہی ہم سے رابطہ کریں۔,ur
Contact us today to scale your digital presence.,تواصل معنا اليوم لتوسيع وجودك الرقمي.,ar
Contact us today to scale your digital presence.,今天联系我们，扩大您的数字影响力。,zh
Our web development team builds modern responsive websites.,ہماری ویب ڈویلپمنٹ ٹیم جدید اور ریسپانسیو ویب سائٹس بناتی ہے۔,ur
Our web development team builds modern responsive websites.,يبني فريق تطوير الويب لدينا مواقع ويب حديثة ومتجاوبة.,ar
Our web development team builds modern responsive websites.,我们的网页开发团队构建现代响应式网站。,zh
AI and Machine Learning solutions to automate workflows.,ورک فلو کو خودکار بنانے کے لیے اے آئی اور مشین لرننگ حل۔,ur
AI and Machine Learning solutions to automate workflows.,حلول الذكاء الاصطناعي والتعلم الآلي لأتمتة سير العمل.,ar
AI and Machine Learning solutions to automate workflows.,人工智能和机器学习解决方案用于自动化工作流程。,zh
Our company provides innovative IT solutions for businesses.,ہماری کمپنی کاروباروں کے لیے جدید آئی ٹی حل فراہم کرتی ہے۔,ur
Our company provides innovative IT solutions for businesses.,تقدم شركتنا حلول تقنية مبتكرة للأعمال.,ar
Our company provides innovative IT solutions for businesses.,我们公司为企业提供创新的IT解决方案。,zh
We specialize in cloud computing and data security.,ہم کلاؤڈ کمپیوٹنگ اور ڈیٹا سیکیورٹی میں مہارت رکھتے ہیں۔,ur
We specialize in cloud computing and data security.,نحن متخصصون في الحوسبة السحابية وأمن البيانات.,ar
We specialize in cloud computing and data security.,我们专注于云计算和数据安全。,zh
Contact us today to scale your digital presence.,اپنی ڈیجیٹل موجودگی کو بڑھانے کے لیے آج ہی ہم سے رابطہ کریں۔,ur
Contact us today to scale your digital presence.,تواصل معنا اليوم لتوسيع وجودك الرقمي.,ar
Contact us today to scale your digital presence.,今天联系我们，扩大您的数字影响力。,zh
Our web development team builds modern responsive websites.,ہماری ویب ڈویلپمنٹ ٹیم جدید اور ریسپانسیو ویب سائٹس بناتی ہے۔,ur
Our web development team builds modern responsive websites.,يبني فريق تطوير الويب لدينا مواقع ويب حديثة ومتجاوبة.,ar
Our web development team builds modern responsive websites.,我们的网页开发团队构建现代响应式网站。,zh
AI and Machine Learning solutions to automate workflows.,ورک فلو کو خودکار بنانے کے لیے اے آئی اور مشین لرننگ حل۔,ur
AI and Machine Learning solutions to automate workflows.,حلول الذكاء الاصطناعي والتعلم الآلي لأتمتة سير العمل.,ar
AI and Machine Learning solutions to automate workflows.,人工智能和机器学习解决方案用于自动化工作流程。,zh
Our company provides innovative IT solutions for businesses.,ہماری کمپنی کاروباروں کے لیے جدید آئی ٹی حل فراہم کرتی ہے۔,ur
Our company provides innovative IT solutions for businesses.,تقدم شركتنا حلول تقنية مبتكرة للأعمال.,ar
Our company provides innovative IT solutions for businesses.,我们公司为企业提供创新的IT解决方案。,zh
We specialize in cloud computing and data security.,ہم کلاؤڈ کمپیوٹنگ اور ڈیٹا سیکیورٹی میں مہارت رکھتے ہیں۔,ur
We specialize in cloud computing and data security.,نحن متخصصون في الحوسبة السحابية وأمن البيانات.,ar
We specialize in cloud computing and data security.,我们专注于云计算和数据安全。,zh
Contact us today to scale your digital presence.,اپنی ڈیجیٹل موجودگی کو بڑھانے کے لیے آج ہی ہم سے رابطہ کریں۔,ur
Contact us today to scale your digital presence.,تواصل معنا اليوم لتوسيع وجودك الرقمي.,ar
Contact us today to scale your digital presence.,今天联系我们，扩大您的数字影响力。,zh
Our web development team builds modern responsive websites.,ہماری ویب ڈویلپمنٹ ٹیم جدید اور ریسپانسیو ویب سائٹس بناتی ہے۔,ur
Our web development team builds modern responsive websites.,يبني فريق تطوير الويب لدينا مواقع ويب حديثة ومتجاوبة.,ar
Our web development team builds modern responsive websites.,我们的网页开发团队构建现代响应式网站。,zh
AI and Machine Learning solutions to automate workflows.,ورک فلو کو خودکار بنانے کے لیے اے آئی اور مشین لرننگ حل۔,ur
AI and Machine Learning solutions to automate workflows.,حلول الذكاء الاصطناعي والتعلم الآلي لأتمتة سير العمل.,ar
AI and Machine Learning solutions to automate workflows.,人工智能和机器学习解决方案用于自动化工作流程。,zh
Our company provides innovative IT solutions for businesses.,ہماری کمپنی کاروباروں کے لیے جدید آئی ٹی حل فراہم کرتی ہے۔,ur
Our company provides innovative IT solutions for businesses.,تقدم شركتنا حلول تقنية مبتكرة للأعمال.,ar
Our company provides innovative IT solutions for businesses.,我们公司为企业提供创新的IT解决方案。,zh
We specialize in cloud computing and data security.,ہم کلاؤڈ کمپیوٹنگ اور ڈیٹا سیکیورٹی میں مہارت رکھتے ہیں۔,ur
We specialize in cloud computing and data security.,نحن متخصصون في الحوسبة السحابية وأمن البيانات.,ar
We specialize in cloud computing and data security.,我们专注于云计算和数据安全。,zh
Contact us today to scale your digital presence.,اپنی ڈیجیٹل موجودگی کو بڑھانے کے لیے آج ہی ہم سے رابطہ کریں۔,ur
Contact us today to scale your digital presence.,تواصل معنا اليوم لتوسيع وجودك الرقمي.,ar
Contact us today to scale your digital presence.,今天联系我们，扩大您的数字影响力。,zh
Our web development team builds modern responsive websites.,ہماری ویب ڈویلپمنٹ ٹیم جدید اور ریسپانسیو ویب سائٹس بناتی ہے۔,ur
Our web development team builds modern responsive websites.,يبني فريق تطوير الويب لدينا مواقع ويب حديثة ومتجاوبة.,ar
Our web development team builds modern responsive websites.,我们的网页开发团队构建现代响应式网站。,zh
AI and Machine Learning solutions to automate workflows.,ورک فلو کو خودکار بنانے کے لیے اے آئی اور مشین لرننگ حل۔,ur
AI and Machine Learning solutions to automate workflows.,حلول الذكاء الاصطناعي والتعلم الآلي لأتمتة سير العمل.,ar
AI and Machine Learning solutions to automate workflows.,人工智能和机器学习解决方案用于自动化工作流程。,zh
Our company provides innovative IT solutions for businesses.,ہماری کمپنی کاروباروں کے لیے جدید آئی ٹی حل فراہم کرتی ہے۔,ur
Our company provides innovative IT solutions for businesses.,تقدم شركتنا حلول تقنية مبتكرة للأعمال.,ar
Our company provides innovative IT solutions for businesses.,我们公司为企业提供创新的IT解决方案。,zh
We specialize in cloud computing and data security.,ہم کلاؤڈ کمپیوٹنگ اور ڈیٹا سیکیورٹی میں مہارت رکھتے ہیں۔,ur
We specialize in cloud computing and data security.,نحن متخصصون في الحوسبة السحابية وأمن البيانات.,ar
We specialize in cloud computing and data security.,我们专注于云计算和数据安全。,zh
Contact us today to scale your digital presence.,اپنی ڈیجیٹل موجودگی کو بڑھانے کے لیے آج ہی ہم سے رابطہ کریں۔,ur
Contact us today to scale your digital presence.,تواصل معنا اليوم لتوسيع وجودك الرقمي.,ar
Contact us today to scale your digital presence.,今天联系我们，扩大您的数字影响力。,zh
Our web development team builds modern responsive websites.,ہماری ویب ڈویلپمنٹ ٹیم جدید اور ریسپانسیو ویب سائٹس بناتی ہے۔,ur
Our web development team builds modern responsive websites.,يبني فريق تطوير الويب لدينا مواقع ويب حديثة ومتجاوبة.,ar
Our web development team builds modern responsive websites.,我们的网页开发团队构建现代响应式网站。,zh
AI and Machine Learning solutions to automate workflows.,ورک فلو کو خودکار بنانے کے لیے اے آئی اور مشین لرننگ حل۔,ur
AI and Machine Learning solutions to automate workflows.,حلول الذكاء الاصطناعي والتعلم الآلي لأتمتة سير العمل.,ar
AI and Machine Learning solutions to automate workflows.,人工智能和机器学习解决方案用于自动化工作流程。,zh
Our company provides innovative IT solutions for businesses.,ہماری کمپنی کاروباروں کے لیے جدید آئی ٹی حل فراہم کرتی ہے۔,ur
Our company provides innovative IT solutions for businesses.,تقدم شركتنا حلول تقنية مبتكرة للأعمال.,ar
Our company provides innovative IT solutions for businesses.,我们公司为企业提供创新的IT解决方案。,zh
We specialize in cloud computing and data security.,ہم کلاؤڈ کمپیوٹنگ اور ڈیٹا سیکیورٹی میں مہارت رکھتے ہیں۔,ur
We specialize in cloud computing and data security.,نحن متخصصون في الحوسبة السحابية وأمن البيانات.,ar
We specialize in cloud computing and data security.,我们专注于云计算和数据安全。,zh
Contact us today to scale your digital presence.,اپنی ڈیجیٹل موجودگی کو بڑھانے کے لیے آج ہی ہم سے رابطہ کریں۔,ur
Contact us today to scale your digital presence.,تواصل معنا اليوم لتوسيع وجودك الرقمي.,ar
Contact us today to scale your digital presence.,今天联系我们，扩大您的数字影响力。,zh
Our web development team builds modern responsive websites.,ہماری ویب ڈویلپمنٹ ٹیم جدید اور ریسپانسیو ویب سائٹس بناتی ہے۔,ur
Our web development team builds modern responsive websites.,يبني فريق تطوير الويب لدينا مواقع ويب حديثة ومتجاوبة.,ar
Our web development team builds modern responsive websites.,我们的网页开发团队构建现代响应式网站。,zh
AI and Machine Learning solutions to automate workflows.,ورک فلو کو خودکار بنانے کے لیے اے آئی اور مشین لرننگ حل۔,ur
AI and Machine Learning solutions to automate workflows.,حلول الذكاء الاصطناعي والتعلم الآلي لأتمتة سير العمل.,ar
AI and Machine Learning solutions to automate workflows.,人工智能和机器学习解决方案用于自动化工作流程。,zh
Our company provides innovative IT solutions for businesses.,ہماری کمپنی کاروباروں کے لیے جدید آئی ٹی حل فراہم کرتی ہے۔,ur
Our company provides innovative IT solutions for businesses.,تقدم شركتنا حلول تقنية مبتكرة للأعمال.,ar
Our company provides innovative IT solutions for businesses.,我们公司为企业提供创新的IT解决方案。,zh
We specialize in cloud computing and data security.,ہم کلاؤڈ کمپیوٹنگ اور ڈیٹا سیکیورٹی میں مہارت رکھتے ہیں۔,ur
We specialize in cloud computing and data security.,نحن متخصصون في الحوسبة السحابية وأمن البيانات.,ar
We specialize in cloud computing and data security.,我们专注于云计算和数据安全。,zh
Contact us today to scale your digital presence.,اپنی ڈیجیٹل موجودگی کو بڑھانے کے لیے آج ہی ہم سے رابطہ کریں۔,ur
Contact us today to scale your digital presence.,تواصل معنا اليوم لتوسيع وجودك الرقمي.,ar
Contact us today to scale your digital presence.,今天联系我们，扩大您的数字影响力。,zh
Our web development team builds modern responsive websites.,ہماری ویب ڈویلپمنٹ ٹیم جدید اور ریسپانسیو ویب سائٹس بناتی ہے۔,ur
Our web development team builds modern responsive websites.,يبني فريق تطوير الويب لدينا مواقع ويب حديثة ومتجاوبة.,ar
Our web development team builds modern responsive websites.,我们的网页开发团队构建现代响应式网站。,zh
AI and Machine Learning solutions to automate workflows.,ورک فلو کو خودکار بنانے کے لیے اے آئی اور مشین لرننگ حل۔,ur
AI and Machine Learning solutions to automate workflows.,حلول الذكاء الاصطناعي والتعلم الآلي لأتمتة سير العمل.,ar
AI and Machine Learning solutions to automate workflows.,人工智能和机器学习解决方案用于自动化工作流程。,zh
Our company provides innovative IT solutions for businesses.,ہماری کمپنی کاروباروں کے لیے جدید آئی ٹی حل فراہم کرتی ہے۔,ur
Our company provides innovative IT solutions for businesses.,تقدم شركتنا حلول تقنية مبتكرة للأعمال.,ar
Our company provides innovative IT solutions for businesses.,我们公司为企业提供创新的IT解决方案。,zh
We specialize in cloud computing and data security.,ہم کلاؤڈ کمپیوٹنگ اور ڈیٹا سیکیورٹی میں مہارت رکھتے ہیں۔,ur
We specialize in cloud computing and data security.,نحن متخصصون في الحوسبة السحابية وأمن البيانات.,ar
We specialize in cloud computing and data security.,我们专注于云计算和数据安全。,zh
Contact us today to scale your digital presence.,اپنی ڈیجیٹل موجودگی کو بڑھانے کے لیے آج ہی ہم سے رابطہ کریں۔,ur
Contact us today to scale your digital presence.,تواصل معنا اليوم لتوسيع وجودك الرقمي.,ar
Contact us today to scale your digital presence.,今天联系我们，扩大您的数字影响力。,zh
Our web development team builds modern responsive websites.,ہماری ویب ڈویلپمنٹ ٹیم جدید اور ریسپانسیو ویب سائٹس بناتی ہے۔,ur
Our web development team builds modern responsive websites.,يبني فريق تطوير الويب لدينا مواقع ويب حديثة ومتجاوبة.,ar
Our web development team builds modern responsive websites.,我们的网页开发团队构建现代响应式网站。,zh
AI and Machine Learning solutions to automate workflows.,ورک فلو کو خودکار بنانے کے لیے اے آئی اور مشین لرننگ حل۔,ur
AI and Machine Learning solutions to automate workflows.,حلول الذكاء الاصطناعي والتعلم الآلي لأتمتة سير العمل.,ar
AI and Machine Learning solutions to automate workflows.,人工智能和机器学习解决方案用于自动化工作流程。,zh
Our company provides innovative IT solutions for businesses.,ہماری کمپنی کاروباروں کے لیے جدید آئی ٹی حل فراہم کرتی ہے۔,ur
Our company provides innovative IT solutions for businesses.,تقدم شركتنا حلول تقنية مبتكرة للأعمال.,ar
Our company provides innovative IT solutions for businesses.,我们公司为企业提供创新的IT解决方案。,zh
We specialize in cloud computing and data security.,ہم کلاؤڈ کمپیوٹنگ اور ڈیٹا سیکیورٹی میں مہارت رکھتے ہیں۔,ur
We specialize in cloud computing and data security.,نحن متخصصون في الحوسبة السحابية وأمن البيانات.,ar
We specialize in cloud computing and data security.,我们专注于云计算和数据安全。,zh
Contact us today to scale your digital presence.,اپنی ڈیجیٹل موجودگی کو بڑھانے کے لیے آج ہی ہم سے رابطہ کریں۔,ur
Contact us today to scale your digital presence.,تواصل معنا اليوم لتوسيع وجودك الرقمي.,ar
Contact us today to scale your digital presence.,今天联系我们，扩大您的数字影响力。,zh
Our web development team builds modern responsive websites.,ہماری ویب ڈویلپمنٹ ٹیم جدید اور ریسپانسیو ویب سائٹس بناتی ہے۔,ur
Our web development team builds modern responsive websites.,يبني فريق تطوير الويب لدينا مواقع ويب حديثة ومتجاوبة.,ar
Our web development team builds modern responsive websites.,我们的网页开发团队构建现代响应式网站。,zh
AI and Machine Learning solutions to automate workflows.,ورک فلو کو خودکار بنانے کے لیے اے آئی اور مشین لرننگ حل۔,ur
AI and Machine Learning solutions to automate workflows.,حلول الذكاء الاصطناعي والتعلم الآلي لأتمتة سير العمل.,ar
AI and Machine Learning solutions to automate workflows.,人工智能和机器学习解决方案用于自动化工作流程。,zh
Our company provides innovative IT solutions for businesses.,ہماری کمپنی کاروباروں کے لیے جدید آئی ٹی حل فراہم کرتی ہے۔,ur
Our company provides innovative IT solutions for businesses.,تقدم شركتنا حلول تقنية مبتكرة للأعمال.,ar
Our company provides innovative IT solutions for businesses.,我们公司为企业提供创新的IT解决方案。,zh
We specialize in cloud computing and data security.,ہم کلاؤڈ کمپیوٹنگ اور ڈیٹا سیکیورٹی میں مہارت رکھتے ہیں۔,ur
We specialize in cloud computing and data security.,نحن متخصصون في الحوسبة السحابية وأمن البيانات.,ar
We specialize in cloud computing and data security.,我们专注于云计算和数据安全。,zh
Contact us today to scale your digital presence.,اپنی ڈیجیٹل موجودگی کو بڑھانے کے لیے آج ہی ہم سے رابطہ کریں۔,ur
Contact us today to scale your digital presence.,تواصل معنا اليوم لتوسيع وجودك الرقمي.,ar
Contact us today to scale your digital presence.,今天联系我们，扩大您的数字影响力。,zh
Our web development team builds modern responsive websites.,ہماری ویب ڈویلپمنٹ ٹیم جدید اور ریسپانسیو ویب سائٹس بناتی ہے۔,ur
Our web development team builds modern responsive websites.,يبني فريق تطوير الويب لدينا مواقع ويب حديثة ومتجاوبة.,ar
Our web development team builds modern responsive websites.,我们的网页开发团队构建现代响应式网站。,zh
AI and Machine Learning solutions to automate workflows.,ورک فلو کو خودکار بنانے کے لیے اے آئی اور مشین لرننگ حل۔,ur
AI and Machine Learning solutions to automate workflows.,حلول الذكاء الاصطناعي والتعلم الآلي لأتمتة سير العمل.,ar
AI and Machine Learning solutions to automate workflows.,人工智能和机器学习解决方案用于自动化工作流程。,zh
Our company provides innovative IT solutions for businesses.,ہماری کمپنی کاروباروں کے لیے جدید آئی ٹی حل فراہم کرتی ہے۔,ur
Our company provides innovative IT solutions for businesses.,تقدم شركتنا حلول تقنية مبتكرة للأعمال.,ar
Our company provides innovative IT solutions for businesses.,我们公司为企业提供创新的IT解决方案。,zh
We specialize in cloud computing and data security.,ہم کلاؤڈ کمپیوٹنگ اور ڈیٹا سیکیورٹی میں مہارت رکھتے ہیں۔,ur
We specialize in cloud computing and data security.,نحن متخصصون في الحوسبة السحابية وأمن البيانات.,ar
We specialize in cloud computing and data security.,我们专注于云计算和数据安全。,zh
Contact us today to scale your digital presence.,اپنی ڈیجیٹل موجودگی کو بڑھانے کے لیے آج ہی ہم سے رابطہ کریں۔,ur
Contact us today to scale your digital presence.,تواصل معنا اليوم لتوسيع وجودك الرقمي.,ar
Contact us today to scale your digital presence.,今天联系我们，扩大您的数字影响力。,zh
Our web development team builds modern responsive websites.,ہماری ویب ڈویلپمنٹ ٹیم جدید اور ریسپانسیو ویب سائٹس بناتی ہے۔,ur
Our web development team builds modern responsive websites.,يبني فريق تطوير الويب لدينا مواقع ويب حديثة ومتجاوبة.,ar
Our web development team builds modern responsive websites.,我们的网页开发团队构建现代响应式网站。,zh
AI and Machine Learning solutions to automate workflows.,ورک فلو کو خودکار بنانے کے لیے اے آئی اور مشین لرننگ حل۔,ur
AI and Machine Learning solutions to automate workflows.,حلول الذكاء الاصطناعي والتعلم الآلي لأتمتة سير العمل.,ar
AI and Machine Learning solutions to automate workflows.,人工智能和机器学习解决方案用于自动化工作流程。,zh
Our company provides innovative IT solutions for businesses.,ہماری کمپنی کاروباروں کے لیے جدید آئی ٹی حل فراہم کرتی ہے۔,ur
Our company provides innovative IT solutions for businesses.,تقدم شركتنا حلول تقنية مبتكرة للأعمال.,ar
Our company provides innovative IT solutions for businesses.,我们公司为企业提供创新的IT解决方案。,zh
We specialize in cloud computing and data security.,ہم کلاؤڈ کمپیوٹنگ اور ڈیٹا سیکیورٹی میں مہارت رکھتے ہیں۔,ur
We specialize in cloud computing and data security.,نحن متخصصون في الحوسبة السحابية وأمن البيانات.,ar
We specialize in cloud computing and data security.,我们专注于云计算和数据安全。,zh
Contact us today to scale your digital presence.,اپنی ڈیجیٹل موجودگی کو بڑھانے کے لیے آج ہی ہم سے رابطہ کریں۔,ur
Contact us today to scale your digital presence.,تواصل معنا اليوم لتوسيع وجودك الرقمي.,ar
Contact us today to scale your digital presence.,今天联系我们，扩大您的数字影响力。,zh
Our web development team builds modern responsive websites.,ہماری ویب ڈویلپمنٹ ٹیم جدید اور ریسپانسیو ویب سائٹس بناتی ہے۔,ur
Our web development team builds modern responsive websites.,يبني فريق تطوير الويب لدينا مواقع ويب حديثة ومتجاوبة.,ar
Our web development team builds modern responsive websites.,我们的网页开发团队构建现代响应式网站。,zh
AI and Machine Learning solutions to automate workflows.,ورک فلو کو خودکار بنانے کے لیے اے آئی اور مشین لرننگ حل۔,ur
AI and Machine Learning solutions to automate workflows.,حلول الذكاء الاصطناعي والتعلم الآلي لأتمتة سير العمل.,ar
AI and Machine Learning solutions to automate workflows.,人工智能和机器学习解决方案用于自动化工作流程。,zh
Our company provides innovative IT solutions for businesses.,ہماری کمپنی کاروباروں کے لیے جدید آئی ٹی حل فراہم کرتی ہے۔,ur
Our company provides innovative IT solutions for businesses.,تقدم شركتنا حلول تقنية مبتكرة للأعمال.,ar
Our company provides innovative IT solutions for businesses.,我们公司为企业提供创新的IT解决方案。,zh
We specialize in cloud computing and data security.,ہم کلاؤڈ کمپیوٹنگ اور ڈیٹا سیکیورٹی میں مہارت رکھتے ہیں۔,ur
We specialize in cloud computing and data security.,نحن متخصصون في الحوسبة السحابية وأمن البيانات.,ar
We specialize in cloud computing and data security.,我们专注于云计算和数据安全。,zh
Contact us today to scale your digital presence.,اپنی ڈیجیٹل موجودگی کو بڑھانے کے لیے آج ہی ہم سے رابطہ کریں۔,ur
Contact us today to scale your digital presence.,تواصل معنا اليوم لتوسيع وجودك الرقمي.,ar
Contact us today to scale your digital presence.,今天联系我们，扩大您的数字影响力。,zh
Our web development team builds modern responsive websites.,ہماری ویب ڈویلپمنٹ ٹیم جدید اور ریسپانسیو ویب سائٹس بناتی ہے۔,ur
Our web development team builds modern responsive websites.,يبني فريق تطوير الويب لدينا مواقع ويب حديثة ومتجاوبة.,ar
Our web development team builds modern responsive websites.,我们的网页开发团队构建现代响应式网站。,zh
AI and Machine Learning solutions to automate workflows.,ورک فلو کو خودکار بنانے کے لیے اے آئی اور مشین لرننگ حل۔,ur
AI and Machine Learning solutions to automate workflows.,حلول الذكاء الاصطناعي والتعلم الآلي لأتمتة سير العمل.,ar
AI and Machine Learning solutions to automate workflows.,人工智能和机器学习解决方案用于自动化工作流程。,zh
Our company provides innovative IT solutions for businesses.,ہماری کمپنی کاروباروں کے لیے جدید آئی ٹی حل فراہم کرتی ہے۔,ur
Our company provides innovative IT solutions for businesses.,تقدم شركتنا حلول تقنية مبتكرة للأعمال.,ar
Our company provides innovative IT solutions for businesses.,我们公司为企业提供创新的IT解决方案。,zh
We specialize in cloud computing and data security.,ہم کلاؤڈ کمپیوٹنگ اور ڈیٹا سیکیورٹی میں مہارت رکھتے ہیں۔,ur
We specialize in cloud computing and data security.,نحن متخصصون في الحوسبة السحابية وأمن البيانات.,ar
We specialize in cloud computing and data security.,我们专注于云计算和数据安全。,zh
Contact us today to scale your digital presence.,اپنی ڈیجیٹل موجودگی کو بڑھانے کے لیے آج ہی ہم سے رابطہ کریں۔,ur
Contact us today to scale your digital presence.,تواصل معنا اليوم لتوسيع وجودك الرقمي.,ar
Contact us today to scale your digital presence.,今天联系我们，扩大您的数字影响力。,zh
Our web development team builds modern responsive websites.,ہماری ویب ڈویلپمنٹ ٹیم جدید اور ریسپانسیو ویب سائٹس بناتی ہے۔,ur
Our web development team builds modern responsive websites.,يبني فريق تطوير الويب لدينا مواقع ويب حديثة ومتجاوبة.,ar
Our web development team builds modern responsive websites.,我们的网页开发团队构建现代响应式网站。,zh
AI and Machine Learning solutions to automate workflows.,ورک فلو کو خودکار بنانے کے لیے اے آئی اور مشین لرننگ حل۔,ur
AI and Machine Learning solutions to automate workflows.,حلول الذكاء الاصطناعي والتعلم الآلي لأتمتة سير العمل.,ar
AI and Machine Learning solutions to automate workflows.,人工智能和机器学习解决方案用于自动化工作流程。,zh
Our company provides innovative IT solutions for businesses.,ہماری کمپنی کاروباروں کے لیے جدید آئی ٹی حل فراہم کرتی ہے۔,ur
Our company provides innovative IT solutions for businesses.,تقدم شركتنا حلول تقنية مبتكرة للأعمال.,ar
Our company provides innovative IT solutions for businesses.,我们公司为企业提供创新的IT解决方案。,zh
We specialize in cloud computing and data security.,ہم کلاؤڈ کمپیوٹنگ اور ڈیٹا سیکیورٹی میں مہارت رکھتے ہیں۔,ur
We specialize in cloud computing and data security.,نحن متخصصون في الحوسبة السحابية وأمن البيانات.,ar
We specialize in cloud computing and data security.,我们专注于云计算和数据安全。,zh
Contact us today to scale your digital presence.,اپنی ڈیجیٹل موجودگی کو بڑھانے کے لیے آج ہی ہم سے رابطہ کریں۔,ur
Contact us today to scale your digital presence.,تواصل معنا اليوم لتوسيع وجودك الرقمي.,ar
Contact us today to scale your digital presence.,今天联系我们，扩大您的数字影响力。,zh
Our web development team builds modern responsive websites.,ہماری ویب ڈویلپمنٹ ٹیم جدید اور ریسپانسیو ویب سائٹس بناتی ہے۔,ur
Our web development team builds modern responsive websites.,يبني فريق تطوير الويب لدينا مواقع ويب حديثة ومتجاوبة.,ar
Our web development team builds modern responsive websites.,我们的网页开发团队构建现代响应式网站。,zh
AI and Machine Learning solutions to automate workflows.,ورک فلو کو خودکار بنانے کے لیے اے آئی اور مشین لرننگ حل۔,ur
AI and Machine Learning solutions to automate workflows.,حلول الذكاء الاصطناعي والتعلم الآلي لأتمتة سير العمل.,ar
AI and Machine Learning solutions to automate workflows.,人工智能和机器学习解决方案用于自动化工作流程。,zh
Our company provides innovative IT solutions for businesses.,ہماری کمپنی کاروباروں کے لیے جدید آئی ٹی حل فراہم کرتی ہے۔,ur
Our company provides innovative IT solutions for businesses.,تقدم شركتنا حلول تقنية مبتكرة للأعمال.,ar
Our company provides innovative IT solutions for businesses.,我们公司为企业提供创新的IT解决方案。,zh
We specialize in cloud computing and data security.,ہم کلاؤڈ کمپیوٹنگ اور ڈیٹا سیکیورٹی میں مہارت رکھتے ہیں۔,ur
We specialize in cloud computing and data security.,نحن متخصصون في الحوسبة السحابية وأمن البيانات.,ar
We specialize in cloud computing and data security.,我们专注于云计算和数据安全。,zh
Contact us today to scale your digital presence.,اپنی ڈیجیٹل موجودگی کو بڑھانے کے لیے آج ہی ہم سے رابطہ کریں۔,ur
Contact us today to scale your digital presence.,تواصل معنا اليوم لتوسيع وجودك الرقمي.,ar
Contact us today to scale your digital presence.,今天联系我们，扩大您的数字影响力。,zh
Our web development team builds modern responsive websites.,ہماری ویب ڈویلپمنٹ ٹیم جدید اور ریسپانسیو ویب سائٹس بناتی ہے۔,ur
Our web development team builds modern responsive websites.,يبني فريق تطوير الويب لدينا مواقع ويب حديثة ومتجاوبة.,ar
Our web development team builds modern responsive websites.,我们的网页开发团队构建现代响应式网站。,zh
AI and Machine Learning solutions to automate workflows.,ورک فلو کو خودکار بنانے کے لیے اے آئی اور مشین لرننگ حل۔,ur
AI and Machine Learning solutions to automate workflows.,حلول الذكاء الاصطناعي والتعلم الآلي لأتمتة سير العمل.,ar
AI and Machine Learning solutions to automate workflows.,人工智能和机器学习解决方案用于自动化工作流程。,zh
Our company provides innovative IT solutions for businesses.,ہماری کمپنی کاروباروں کے لیے جدید آئی ٹی حل فراہم کرتی ہے۔,ur
Our company provides innovative IT solutions for businesses.,تقدم شركتنا حلول تقنية مبتكرة للأعمال.,ar
Our company provides innovative IT solutions for businesses.,我们公司为企业提供创新的IT解决方案。,zh
We specialize in cloud computing and data security.,ہم کلاؤڈ کمپیوٹنگ اور ڈیٹا سیکیورٹی میں مہارت رکھتے ہیں۔,ur
We specialize in cloud computing and data security.,نحن متخصصون في الحوسبة السحابية وأمن البيانات.,ar
We specialize in cloud computing and data security.,我们专注于云计算和数据安全。,zh
Contact us today to scale your digital presence.,اپنی ڈیجیٹل موجودگی کو بڑھانے کے لیے آج ہی ہم سے رابطہ کریں۔,ur
Contact us today to scale your digital presence.,تواصل معنا اليوم لتوسيع وجودك الرقمي.,ar
Contact us today to scale your digital presence.,今天联系我们，扩大您的数字影响力。,zh
Our web development team builds modern responsive websites.,ہماری ویب ڈویلپمنٹ ٹیم جدید اور ریسپانسیو ویب سائٹس بناتی ہے۔,ur
Our web development team builds modern responsive websites.,يبني فريق تطوير الويب لدينا مواقع ويب حديثة ومتجاوبة.,ar
Our web development team builds modern responsive websites.,我们的网页开发团队构建现代响应式网站。,zh
AI and Machine Learning solutions to automate workflows.,ورک فلو کو خودکار بنانے کے لیے اے آئی اور مشین لرننگ حل۔,ur
AI and Machine Learning solutions to automate workflows.,حلول الذكاء الاصطناعي والتعلم الآلي لأتمتة سير العمل.,ar
AI and Machine Learning solutions to automate workflows.,人工智能和机器学习解决方案用于自动化工作流程。,zh
Our company provides innovative IT solutions for businesses.,ہماری کمپنی کاروباروں کے لیے جدید آئی ٹی حل فراہم کرتی ہے۔,ur
Our company provides innovative IT solutions for businesses.,تقدم شركتنا حلول تقنية مبتكرة للأعمال.,ar
Our company provides innovative IT solutions for businesses.,我们公司为企业提供创新的IT解决方案。,zh
We specialize in cloud computing and data security.,ہم کلاؤڈ کمپیوٹنگ اور ڈیٹا سیکیورٹی میں مہارت رکھتے ہیں۔,ur
We specialize in cloud computing and data security.,نحن متخصصون في الحوسبة السحابية وأمن البيانات.,ar
We specialize in cloud computing and data security.,我们专注于云计算和数据安全。,zh
Contact us today to scale your digital presence.,اپنی ڈیجیٹل موجودگی کو بڑھانے کے لیے آج ہی ہم سے رابطہ کریں۔,ur
Contact us today to scale your digital presence.,تواصل معنا اليوم لتوسيع وجودك الرقمي.,ar
Contact us today to scale your digital presence.,今天联系我们，扩大您的数字影响力。,zh
Our web development team builds modern responsive websites.,ہماری ویب ڈویلپمنٹ ٹیم جدید اور ریسپانسیو ویب سائٹس بناتی ہے۔,ur
Our web development team builds modern responsive websites.,يبني فريق تطوير الويب لدينا مواقع ويب حديثة ومتجاوبة.,ar
Our web development team builds modern responsive websites.,我们的网页开发团队构建现代响应式网站。,zh
AI and Machine Learning solutions to automate workflows.,ورک فلو کو خودکار بنانے کے لیے اے آئی اور مشین لرننگ حل۔,ur
AI and Machine Learning solutions to automate workflows.,حلول الذكاء الاصطناعي والتعلم الآلي لأتمتة سير العمل.,ar
AI and Machine Learning solutions to automate workflows.,人工智能和机器学习解决方案用于自动化工作流程。,zh
Our company provides innovative IT solutions for businesses.,ہماری کمپنی کاروباروں کے لیے جدید آئی ٹی حل فراہم کرتی ہے۔,ur
Our company provides innovative IT solutions for businesses.,تقدم شركتنا حلول تقنية مبتكرة للأعمال.,ar
Our company provides innovative IT solutions for businesses.,我们公司为企业提供创新的IT解决方案。,zh
We specialize in cloud computing and data security.,ہم کلاؤڈ کمپیوٹنگ اور ڈیٹا سیکیورٹی میں مہارت رکھتے ہیں۔,ur
We specialize in cloud computing and data security.,نحن متخصصون في الحوسبة السحابية وأمن البيانات.,ar
We specialize in cloud computing and data security.,我们专注于云计算和数据安全。,zh
Contact us today to scale your digital presence.,اپنی ڈیجیٹل موجودگی کو بڑھانے کے لیے آج ہی ہم سے رابطہ کریں۔,ur
Contact us today to scale your digital presence.,تواصل معنا اليوم لتوسيع وجودك الرقمي.,ar
Contact us today to scale your digital presence.,今天联系我们，扩大您的数字影响力。,zh
Our web development team builds modern responsive websites.,ہماری ویب ڈویلپمنٹ ٹیم جدید اور ریسپانسیو ویب سائٹس بناتی ہے۔,ur
Our web development team builds modern responsive websites.,يبني فريق تطوير الويب لدينا مواقع ويب حديثة ومتجاوبة.,ar
Our web development team builds modern responsive websites.,我们的网页开发团队构建现代响应式网站。,zh
AI and Machine Learning solutions to automate workflows.,ورک فلو کو خودکار بنانے کے لیے اے آئی اور مشین لرننگ حل۔,ur
AI and Machine Learning solutions to automate workflows.,حلول الذكاء الاصطناعي والتعلم الآلي لأتمتة سير العمل.,ar
AI and Machine Learning solutions to automate workflows.,人工智能和机器学习解决方案用于自动化工作流程。,zh
Our company provides innovative IT solutions for businesses.,ہماری کمپنی کاروباروں کے لیے جدید آئی ٹی حل فراہم کرتی ہے۔,ur
Our company provides innovative IT solutions for businesses.,تقدم شركتنا حلول تقنية مبتكرة للأعمال.,ar
Our company provides innovative IT solutions for businesses.,我们公司为企业提供创新的IT解决方案。,zh
We specialize in cloud computing and data security.,ہم کلاؤڈ کمپیوٹنگ اور ڈیٹا سیکیورٹی میں مہارت رکھتے ہیں۔,ur
We specialize in cloud computing and data security.,نحن متخصصون في الحوسبة السحابية وأمن البيانات.,ar
We specialize in cloud computing and data security.,我们专注于云计算和数据安全。,zh
Contact us today to scale your digital presence.,اپنی ڈیجیٹل موجودگی کو بڑھانے کے لیے آج ہی ہم سے رابطہ کریں۔,ur
Contact us today to scale your digital presence.,تواصل معنا اليوم لتوسيع وجودك الرقمي.,ar
Contact us today to scale your digital presence.,今天联系我们，扩大您的数字影响力。,zh
Our web development team builds modern responsive websites.,ہماری ویب ڈویلپمنٹ ٹیم جدید اور ریسپانسیو ویب سائٹس بناتی ہے۔,ur
Our web development team builds modern responsive websites.,يبني فريق تطوير الويب لدينا مواقع ويب حديثة ومتجاوبة.,ar
Our web development team builds modern responsive websites.,我们的网页开发团队构建现代响应式网站。,zh
AI and Machine Learning solutions to automate workflows.,ورک فلو کو خودکار بنانے کے لیے اے آئی اور مشین لرننگ حل۔,ur
AI and Machine Learning solutions to automate workflows.,حلول الذكاء الاصطناعي والتعلم الآلي لأتمتة سير العمل.,ar
AI and Machine Learning solutions to automate workflows.,人工智能和机器学习解决方案用于自动化工作流程。,zh
Our company provides innovative IT solutions for businesses.,ہماری کمپنی کاروباروں کے لیے جدید آئی ٹی حل فراہم کرتی ہے۔,ur
Our company provides innovative IT solutions for businesses.,تقدم شركتنا حلول تقنية مبتكرة للأعمال.,ar
Our company provides innovative IT solutions for businesses.,我们公司为企业提供创新的IT解决方案。,zh
We specialize in cloud computing and data security.,ہم کلاؤڈ کمپیوٹنگ اور ڈیٹا سیکیورٹی میں مہارت رکھتے ہیں۔,ur
We specialize in cloud computing and data security.,نحن متخصصون في الحوسبة السحابية وأمن البيانات.,ar
We specialize in cloud computing and data security.,我们专注于云计算和数据安全。,zh
Contact us today to scale your digital presence.,اپنی ڈیجیٹل موجودگی کو بڑھانے کے لیے آج ہی ہم سے رابطہ کریں۔,ur
Contact us today to scale your digital presence.,تواصل معنا اليوم لتوسيع وجودك الرقمي.,ar
Contact us today to scale your digital presence.,今天联系我们，扩大您的数字影响力。,zh
Our web development team builds modern responsive websites.,ہماری ویب ڈویلپمنٹ ٹیم جدید اور ریسپانسیو ویب سائٹس بناتی ہے۔,ur
Our web development team builds modern responsive websites.,يبني فريق تطوير الويب لدينا مواقع ويب حديثة ومتجاوبة.,ar
Our web development team builds modern responsive websites.,我们的网页开发团队构建现代响应式网站。,zh
AI and Machine Learning solutions to automate workflows.,ورک فلو کو خودکار بنانے کے لیے اے آئی اور مشین لرننگ حل۔,ur
AI and Machine Learning solutions to automate workflows.,حلول الذكاء الاصطناعي والتعلم الآلي لأتمتة سير العمل.,ar
AI and Machine Learning solutions to automate workflows.,人工智能和机器学习解决方案用于自动化工作流程。,zh
Our company provides innovative IT solutions for businesses.,ہماری کمپنی کاروباروں کے لیے جدید آئی ٹی حل فراہم کرتی ہے۔,ur
Our company provides innovative IT solutions for businesses.,تقدم شركتنا حلول تقنية مبتكرة للأعمال.,ar
Our company provides innovative IT solutions for businesses.,我们公司为企业提供创新的IT解决方案。,zh
We specialize in cloud computing and data security.,ہم کلاؤڈ کمپیوٹنگ اور ڈیٹا سیکیورٹی میں مہارت رکھتے ہیں۔,ur
We specialize in cloud computing and data security.,نحن متخصصون في الحوسبة السحابية وأمن البيانات.,ar
We specialize in cloud computing and data security.,我们专注于云计算和数据安全。,zh
Contact us today to scale your digital presence.,اپنی ڈیجیٹل موجودگی کو بڑھانے کے لیے آج ہی ہم سے رابطہ کریں۔,ur
Contact us today to scale your digital presence.,تواصل معنا اليوم لتوسيع وجودك الرقمي.,ar
Contact us today to scale your digital presence.,今天联系我们，扩大您的数字影响力。,zh
Our web development team builds modern responsive websites.,ہماری ویب ڈویلپمنٹ ٹیم جدید اور ریسپانسیو ویب سائٹس بناتی ہے۔,ur
Our web development team builds modern responsive websites.,يبني فريق تطوير الويب لدينا مواقع ويب حديثة ومتجاوبة.,ar
Our web development team builds modern responsive websites.,我们的网页开发团队构建现代响应式网站。,zh
AI and Machine Learning solutions to automate workflows.,ورک فلو کو خودکار بنانے کے لیے اے آئی اور مشین لرننگ حل۔,ur
AI and Machine Learning solutions to automate workflows.,حلول الذكاء الاصطناعي والتعلم الآلي لأتمتة سير العمل.,ar
AI and Machine Learning solutions to automate workflows.,人工智能和机器学习解决方案用于自动化工作流程。,zh
Our company provides innovative IT solutions for businesses.,ہماری کمپنی کاروباروں کے لیے جدید آئی ٹی حل فراہم کرتی ہے۔,ur
Our company provides innovative IT solutions for businesses.,تقدم شركتنا حلول تقنية مبتكرة للأعمال.,ar
Our company provides innovative IT solutions for businesses.,我们公司为企业提供创新的IT解决方案。,zh
We specialize in cloud computing and data security.,ہم کلاؤڈ کمپیوٹنگ اور ڈیٹا سیکیورٹی میں مہارت رکھتے ہیں۔,ur
We specialize in cloud computing and data security.,نحن متخصصون في الحوسبة السحابية وأمن البيانات.,ar
We specialize in cloud computing and data security.,我们专注于云计算和数据安全。,zh
Contact us today to scale your digital presence.,اپنی ڈیجیٹل موجودگی کو بڑھانے کے لیے آج ہی ہم سے رابطہ کریں۔,ur
Contact us today to scale your digital presence.,تواصل معنا اليوم لتوسيع وجودك الرقمي.,ar
Contact us today to scale your digital presence.,今天联系我们，扩大您的数字影响力。,zh
Our web development team builds modern responsive websites.,ہماری ویب ڈویلپمنٹ ٹیم جدید اور ریسپانسیو ویب سائٹس بناتی ہے۔,ur
Our web development team builds modern responsive websites.,يبني فريق تطوير الويب لدينا مواقع ويب حديثة ومتجاوبة.,ar
Our web development team builds modern responsive websites.,我们的网页开发团队构建现代响应式网站。,zh
AI and Machine Learning solutions to automate workflows.,ورک فلو کو خودکار بنانے کے لیے اے آئی اور مشین لرننگ حل۔,ur
AI and Machine Learning solutions to automate workflows.,حلول الذكاء الاصطناعي والتعلم الآلي لأتمتة سير العمل.,ar
AI and Machine Learning solutions to automate workflows.,人工智能和机器学习解决方案用于自动化工作流程。,zh
Our company provides innovative IT solutions for businesses.,ہماری کمپنی کاروباروں کے لیے جدید آئی ٹی حل فراہم کرتی ہے۔,ur
Our company provides innovative IT solutions for businesses.,تقدم شركتنا حلول تقنية مبتكرة للأعمال.,ar
Our company provides innovative IT solutions for businesses.,我们公司为企业提供创新的IT解决方案。,zh
We specialize in cloud computing and data security.,ہم کلاؤڈ کمپیوٹنگ اور ڈیٹا سیکیورٹی میں مہارت رکھتے ہیں۔,ur
We specialize in cloud computing and data security.,نحن متخصصون في الحوسبة السحابية وأمن البيانات.,ar
We specialize in cloud computing and data security.,我们专注于云计算和数据安全。,zh
Contact us today to scale your digital presence.,اپنی ڈیجیٹل موجودگی کو بڑھانے کے لیے آج ہی ہم سے رابطہ کریں۔,ur
Contact us today to scale your digital presence.,تواصل معنا اليوم لتوسيع وجودك الرقمي.,ar
Contact us today to scale your digital presence.,今天联系我们，扩大您的数字影响力。,zh
Our web development team builds modern responsive websites.,ہماری ویب ڈویلپمنٹ ٹیم جدید اور ریسپانسیو ویب سائٹس بناتی ہے۔,ur
Our web development team builds modern responsive websites.,يبني فريق تطوير الويب لدينا مواقع ويب حديثة ومتجاوبة.,ar
Our web development team builds modern responsive websites.,我们的网页开发团队构建现代响应式网站。,zh
AI and Machine Learning solutions to automate workflows.,ورک فلو کو خودکار بنانے کے لیے اے آئی اور مشین لرننگ حل۔,ur
AI and Machine Learning solutions to automate workflows.,حلول الذكاء الاصطناعي والتعلم الآلي لأتمتة سير العمل.,ar
AI and Machine Learning solutions to automate workflows.,人工智能和机器学习解决方案用于自动化工作流程。,zh
Our company provides innovative IT solutions for businesses.,ہماری کمپنی کاروباروں کے لیے جدید آئی ٹی حل فراہم کرتی ہے۔,ur
Our company provides innovative IT solutions for businesses.,تقدم شركتنا حلول تقنية مبتكرة للأعمال.,ar
Our company provides innovative IT solutions for businesses.,我们公司为企业提供创新的IT解决方案。,zh
We specialize in cloud computing and data security.,ہم کلاؤڈ کمپیوٹنگ اور ڈیٹا سیکیورٹی میں مہارت رکھتے ہیں۔,ur
We specialize in cloud computing and data security.,نحن متخصصون في الحوسبة السحابية وأمن البيانات.,ar
We specialize in cloud computing and data security.,我们专注于云计算和数据安全。,zh
Contact us today to scale your digital presence.,اپنی ڈیجیٹل موجودگی کو بڑھانے کے لیے آج ہی ہم سے رابطہ کریں۔,ur
Contact us today to scale your digital presence.,تواصل معنا اليوم لتوسيع وجودك الرقمي.,ar
Contact us today to scale your digital presence.,今天联系我们，扩大您的数字影响力。,zh
Our web development team builds modern responsive websites.,ہماری ویب ڈویلپمنٹ ٹیم جدید اور ریسپانسیو ویب سائٹس بناتی ہے۔,ur
Our web development team builds modern responsive websites.,يبني فريق تطوير الويب لدينا مواقع ويب حديثة ومتجاوبة.,ar
Our web development team builds modern responsive websites.,我们的网页开发团队构建现代响应式网站。,zh
AI and Machine Learning solutions to automate workflows.,ورک فلو کو خودکار بنانے کے لیے اے آئی اور مشین لرننگ حل۔,ur
AI and Machine Learning solutions to automate workflows.,حلول الذكاء الاصطناعي والتعلم الآلي لأتمتة سير العمل.,ar
AI and Machine Learning solutions to automate workflows.,人工智能和机器学习解决方案用于自动化工作流程。,zh
Our company provides innovative IT solutions for businesses.,ہماری کمپنی کاروباروں کے لیے جدید آئی ٹی حل فراہم کرتی ہے۔,ur
Our company provides innovative IT solutions for businesses.,تقدم شركتنا حلول تقنية مبتكرة للأعمال.,ar
Our company provides innovative IT solutions for businesses.,我们公司为企业提供创新的IT解决方案。,zh
We specialize in cloud computing and data security.,ہم کلاؤڈ کمپیوٹنگ اور ڈیٹا سیکیورٹی میں مہارت رکھتے ہیں۔,ur
We specialize in cloud computing and data security.,نحن متخصصون في الحوسبة السحابية وأمن البيانات.,ar
We specialize in cloud computing and data security.,我们专注于云计算和数据安全。,zh
Contact us today to scale your digital presence.,اپنی ڈیجیٹل موجودگی کو بڑھانے کے لیے آج ہی ہم سے رابطہ کریں۔,ur
Contact us today to scale your digital presence.,تواصل معنا اليوم لتوسيع وجودك الرقمي.,ar
Contact us today to scale your digital presence.,今天联系我们，扩大您的数字影响力。,zh
Our web development team builds modern responsive websites.,ہماری ویب ڈویلپمنٹ ٹیم جدید اور ریسپانسیو ویب سائٹس بناتی ہے۔,ur
Our web development team builds modern responsive websites.,يبني فريق تطوير الويب لدينا مواقع ويب حديثة ومتجاوبة.,ar
Our web development team builds modern responsive websites.,我们的网页开发团队构建现代响应式网站。,zh
AI and Machine Learning solutions to automate workflows.,ورک فلو کو خودکار بنانے کے لیے اے آئی اور مشین لرننگ حل۔,ur
AI and Machine Learning solutions to automate workflows.,حلول الذكاء الاصطناعي والتعلم الآلي لأتمتة سير العمل.,ar
AI and Machine Learning solutions to automate workflows.,人工智能和机器学习解决方案用于自动化工作流程。,zh
Our company provides innovative IT solutions for businesses.,ہماری کمپنی کاروباروں کے لیے جدید آئی ٹی حل فراہم کرتی ہے۔,ur
Our company provides innovative IT solutions for businesses.,تقدم شركتنا حلول تقنية مبتكرة للأعمال.,ar
Our company provides innovative IT solutions for businesses.,我们公司为企业提供创新的IT解决方案。,zh
We specialize in cloud computing and data security.,ہم کلاؤڈ کمپیوٹنگ اور ڈیٹا سیکیورٹی میں مہارت رکھتے ہیں۔,ur
We specialize in cloud computing and data security.,نحن متخصصون في الحوسبة السحابية وأمن البيانات.,ar
We specialize in cloud computing and data security.,我们专注于云计算和数据安全。,zh
Contact us today to scale your digital presence.,اپنی ڈیجیٹل موجودگی کو بڑھانے کے لیے آج ہی ہم سے رابطہ کریں۔,ur
Contact us today to scale your digital presence.,تواصل معنا اليوم لتوسيع وجودك الرقمي.,ar
Contact us today to scale your digital presence.,今天联系我们，扩大您的数字影响力。,zh
Our web development team builds modern responsive websites.,ہماری ویب ڈویلپمنٹ ٹیم جدید اور ریسپانسیو ویب سائٹس بناتی ہے۔,ur
Our web development team builds modern responsive websites.,يبني فريق تطوير الويب لدينا مواقع ويب حديثة ومتجاوبة.,ar
Our web development team builds modern responsive websites.,我们的网页开发团队构建现代响应式网站。,zh
AI and Machine Learning solutions to automate workflows.,ورک فلو کو خودکار بنانے کے لیے اے آئی اور مشین لرننگ حل۔,ur
AI and Machine Learning solutions to automate workflows.,حلول الذكاء الاصطناعي والتعلم الآلي لأتمتة سير العمل.,ar
AI and Machine Learning solutions to automate workflows.,人工智能和机器学习解决方案用于自动化工作流程。,zh
Our company provides innovative IT solutions for businesses.,ہماری کمپنی کاروباروں کے لیے جدید آئی ٹی حل فراہم کرتی ہے۔,ur
Our company provides innovative IT solutions for businesses.,تقدم شركتنا حلول تقنية مبتكرة للأعمال.,ar
Our company provides innovative IT solutions for businesses.,我们公司为企业提供创新的IT解决方案。,zh
We specialize in cloud computing and data security.,ہم کلاؤڈ کمپیوٹنگ اور ڈیٹا سیکیورٹی میں مہارت رکھتے ہیں۔,ur
We specialize in cloud computing and data security.,نحن متخصصون في الحوسبة السحابية وأمن البيانات.,ar
We specialize in cloud computing and data security.,我们专注于云计算和数据安全。,zh
Contact us today to scale your digital presence.,اپنی ڈیجیٹل موجودگی کو بڑھانے کے لیے آج ہی ہم سے رابطہ کریں۔,ur
Contact us today to scale your digital presence.,تواصل معنا اليوم لتوسيع وجودك الرقمي.,ar
Contact us today to scale your digital presence.,今天联系我们，扩大您的数字影响力。,zh
Our web development team builds modern responsive websites.,ہماری ویب ڈویلپمنٹ ٹیم جدید اور ریسپانسیو ویب سائٹس بناتی ہے۔,ur
Our web development team builds modern responsive websites.,يبني فريق تطوير الويب لدينا مواقع ويب حديثة ومتجاوبة.,ar
Our web development team builds modern responsive websites.,我们的网页开发团队构建现代响应式网站。,zh
AI and Machine Learning solutions to automate workflows.,ورک فلو کو خودکار بنانے کے لیے اے آئی اور مشین لرننگ حل۔,ur
AI and Machine Learning solutions to automate workflows.,حلول الذكاء الاصطناعي والتعلم الآلي لأتمتة سير العمل.,ar
AI and Machine Learning solutions to automate workflows.,人工智能和机器学习解决方案用于自动化工作流程。,zh
Our company provides innovative IT solutions for businesses.,ہماری کمپنی کاروباروں کے لیے جدید آئی ٹی حل فراہم کرتی ہے۔,ur
Our company provides innovative IT solutions for businesses.,تقدم شركتنا حلول تقنية مبتكرة للأعمال.,ar
Our company provides innovative IT solutions for businesses.,我们公司为企业提供创新的IT解决方案。,zh
We specialize in cloud computing and data security.,ہم کلاؤڈ کمپیوٹنگ اور ڈیٹا سیکیورٹی میں مہارت رکھتے ہیں۔,ur
We specialize in cloud computing and data security.,نحن متخصصون في الحوسبة السحابية وأمن البيانات.,ar
We specialize in cloud computing and data security.,我们专注于云计算和数据安全。,zh
Contact us today to scale your digital presence.,اپنی ڈیجیٹل موجودگی کو بڑھانے کے لیے آج ہی ہم سے رابطہ کریں۔,ur
Contact us today to scale your digital presence.,تواصل معنا اليوم لتوسيع وجودك الرقمي.,ar
Contact us today to scale your digital presence.,今天联系我们，扩大您的数字影响力。,zh
Our web development team builds modern responsive websites.,ہماری ویب ڈویلپمنٹ ٹیم جدید اور ریسپانسیو ویب سائٹس بناتی ہے۔,ur
Our web development team builds modern responsive websites.,يبني فريق تطوير الويب لدينا مواقع ويب حديثة ومتجاوبة.,ar
Our web development team builds modern responsive websites.,我们的网页开发团队构建现代响应式网站。,zh
AI and Machine Learning solutions to automate workflows.,ورک فلو کو خودکار بنانے کے لیے اے آئی اور مشین لرننگ حل۔,ur
AI and Machine Learning solutions to automate workflows.,حلول الذكاء الاصطناعي والتعلم الآلي لأتمتة سير العمل.,ar
AI and Machine Learning solutions to automate workflows.,人工智能和机器学习解决方案用于自动化工作流程。,zh
Our company provides innovative IT solutions for businesses.,ہماری کمپنی کاروباروں کے لیے جدید آئی ٹی حل فراہم کرتی ہے۔,ur
Our company provides innovative IT solutions for businesses.,تقدم شركتنا حلول تقنية مبتكرة للأعمال.,ar
Our company provides innovative IT solutions for businesses.,我们公司为企业提供创新的IT解决方案。,zh
We specialize in cloud computing and data security.,ہم کلاؤڈ کمپیوٹنگ اور ڈیٹا سیکیورٹی میں مہارت رکھتے ہیں۔,ur
We specialize in cloud computing and data security.,نحن متخصصون في الحوسبة السحابية وأمن البيانات.,ar
We specialize in cloud computing and data security.,我们专注于云计算和数据安全。,zh
Contact us today to scale your digital presence.,اپنی ڈیجیٹل موجودگی کو بڑھانے کے لیے آج ہی ہم سے رابطہ کریں۔,ur
Contact us today to scale your digital presence.,تواصل معنا اليوم لتوسيع وجودك الرقمي.,ar
Contact us today to scale your digital presence.,今天联系我们，扩大您的数字影响力。,zh
Our web development team builds modern responsive websites.,ہماری ویب ڈویلپمنٹ ٹیم جدید اور ریسپانسیو ویب سائٹس بناتی ہے۔,ur
Our web development team builds modern responsive websites.,يبني فريق تطوير الويب لدينا مواقع ويب حديثة ومتجاوبة.,ar
Our web development team builds modern responsive websites.,我们的网页开发团队构建现代响应式网站。,zh
AI and Machine Learning solutions to automate workflows.,ورک فلو کو خودکار بنانے کے لیے اے آئی اور مشین لرننگ حل۔,ur
AI and Machine Learning solutions to automate workflows.,حلول الذكاء الاصطناعي والتعلم الآلي لأتمتة سير العمل.,ar
AI and Machine Learning solutions to automate workflows.,人工智能和机器学习解决方案用于自动化工作流程。,zh
Our company provides innovative IT solutions for businesses.,ہماری کمپنی کاروباروں کے لیے جدید آئی ٹی حل فراہم کرتی ہے۔,ur
Our company provides innovative IT solutions for businesses.,تقدم شركتنا حلول تقنية مبتكرة للأعمال.,ar
Our company provides innovative IT solutions for businesses.,我们公司为企业提供创新的IT解决方案。,zh
We specialize in cloud computing and data security.,ہم کلاؤڈ کمپیوٹنگ اور ڈیٹا سیکیورٹی میں مہارت رکھتے ہیں۔,ur
We specialize in cloud computing and data security.,نحن متخصصون في الحوسبة السحابية وأمن البيانات.,ar
We specialize in cloud computing and data security.,我们专注于云计算和数据安全。,zh
Contact us today to scale your digital presence.,اپنی ڈیجیٹل موجودگی کو بڑھانے کے لیے آج ہی ہم سے رابطہ کریں۔,ur
Contact us today to scale your digital presence.,تواصل معنا اليوم لتوسيع وجودك الرقمي.,ar
Contact us today to scale your digital presence.,今天联系我们，扩大您的数字影响力。,zh
Our web development team builds modern responsive websites.,ہماری ویب ڈویلپمنٹ ٹیم جدید اور ریسپانسیو ویب سائٹس بناتی ہے۔,ur
Our web development team builds modern responsive websites.,يبني فريق تطوير الويب لدينا مواقع ويب حديثة ومتجاوبة.,ar
Our web development team builds modern responsive websites.,我们的网页开发团队构建现代响应式网站。,zh
AI and Machine Learning solutions to automate workflows.,ورک فلو کو خودکار بنانے کے لیے اے آئی اور مشین لرننگ حل۔,ur
AI and Machine Learning solutions to automate workflows.,حلول الذكاء الاصطناعي والتعلم الآلي لأتمتة سير العمل.,ar
AI and Machine Learning solutions to automate workflows.,人工智能和机器学习解决方案用于自动化工作流程。,zh
Our company provides innovative IT solutions for businesses.,ہماری کمپنی کاروباروں کے لیے جدید آئی ٹی حل فراہم کرتی ہے۔,ur
Our company provides innovative IT solutions for businesses.,تقدم شركتنا حلول تقنية مبتكرة للأعمال.,ar
Our company provides innovative IT solutions for businesses.,我们公司为企业提供创新的IT解决方案。,zh
We specialize in cloud computing and data security.,ہم کلاؤڈ کمپیوٹنگ اور ڈیٹا سیکیورٹی میں مہارت رکھتے ہیں۔,ur
We specialize in cloud computing and data security.,نحن متخصصون في الحوسبة السحابية وأمن البيانات.,ar
We specialize in cloud computing and data security.,我们专注于云计算和数据安全。,zh
Contact us today to scale your digital presence.,اپنی ڈیجیٹل موجودگی کو بڑھانے کے لیے آج ہی ہم سے رابطہ کریں۔,ur
Contact us today to scale your digital presence.,تواصل معنا اليوم لتوسيع وجودك الرقمي.,ar
Contact us today to scale your digital presence.,今天联系我们，扩大您的数字影响力。,zh
Our web development team builds modern responsive websites.,ہماری ویب ڈویلپمنٹ ٹیم جدید اور ریسپانسیو ویب سائٹس بناتی ہے۔,ur
Our web development team builds modern responsive websites.,يبني فريق تطوير الويب لدينا مواقع ويب حديثة ومتجاوبة.,ar
Our web development team builds modern responsive websites.,我们的网页开发团队构建现代响应式网站。,zh
AI and Machine Learning solutions to automate workflows.,ورک فلو کو خودکار بنانے کے لیے اے آئی اور مشین لرننگ حل۔,ur
AI and Machine Learning solutions to automate workflows.,حلول الذكاء الاصطناعي والتعلم الآلي لأتمتة سير العمل.,ar
AI and Machine Learning solutions to automate workflows.,人工智能和机器学习解决方案用于自动化工作流程。,zh
Our company provides innovative IT solutions for businesses.,ہماری کمپنی کاروباروں کے لیے جدید آئی ٹی حل فراہم کرتی ہے۔,ur
Our company provides innovative IT solutions for businesses.,تقدم شركتنا حلول تقنية مبتكرة للأعمال.,ar
Our company provides innovative IT solutions for businesses.,我们公司为企业提供创新的IT解决方案。,zh
We specialize in cloud computing and data security.,ہم کلاؤڈ کمپیوٹنگ اور ڈیٹا سیکیورٹی میں مہارت رکھتے ہیں۔,ur
We specialize in cloud computing and data security.,نحن متخصصون في الحوسبة السحابية وأمن البيانات.,ar
We specialize in cloud computing and data security.,我们专注于云计算和数据安全。,zh
Contact us today to scale your digital presence.,اپنی ڈیجیٹل موجودگی کو بڑھانے کے لیے آج ہی ہم سے رابطہ کریں۔,ur
Contact us today to scale your digital presence.,تواصل معنا اليوم لتوسيع وجودك الرقمي.,ar
Contact us today to scale your digital presence.,今天联系我们，扩大您的数字影响力。,zh
Our web development team builds modern responsive websites.,ہماری ویب ڈویلپمنٹ ٹیم جدید اور ریسپانسیو ویب سائٹس بناتی ہے۔,ur
Our web development team builds modern responsive websites.,يبني فريق تطوير الويب لدينا مواقع ويب حديثة ومتجاوبة.,ar
Our web development team builds modern responsive websites.,我们的网页开发团队构建现代响应式网站。,zh
AI and Machine Learning solutions to automate workflows.,ورک فلو کو خودکار بنانے کے لیے اے آئی اور مشین لرننگ حل۔,ur
AI and Machine Learning solutions to automate workflows.,حلول الذكاء الاصطناعي والتعلم الآلي لأتمتة سير العمل.,ar
AI and Machine Learning solutions to automate workflows.,人工智能和机器学习解决方案用于自动化工作流程。,zh
Our company provides innovative IT solutions for businesses.,ہماری کمپنی کاروباروں کے لیے جدید آئی ٹی حل فراہم کرتی ہے۔,ur
Our company provides innovative IT solutions for businesses.,تقدم شركتنا حلول تقنية مبتكرة للأعمال.,ar
Our company provides innovative IT solutions for businesses.,我们公司为企业提供创新的IT解决方案。,zh
We specialize in cloud computing and data security.,ہم کلاؤڈ کمپیوٹنگ اور ڈیٹا سیکیورٹی میں مہارت رکھتے ہیں۔,ur
We specialize in cloud computing and data security.,نحن متخصصون في الحوسبة السحابية وأمن البيانات.,ar
We specialize in cloud computing and data security.,我们专注于云计算和数据安全。,zh
Contact us today to scale your digital presence.,اپنی ڈیجیٹل موجودگی کو بڑھانے کے لیے آج ہی ہم سے رابطہ کریں۔,ur
Contact us today to scale your digital presence.,تواصل معنا اليوم لتوسيع وجودك الرقمي.,ar
Contact us today to scale your digital presence.,今天联系我们，扩大您的数字影响力。,zh
Our web development team builds modern responsive websites.,ہماری ویب ڈویلپمنٹ ٹیم جدید اور ریسپانسیو ویب سائٹس بناتی ہے۔,ur
Our web development team builds modern responsive websites.,يبني فريق تطوير الويب لدينا مواقع ويب حديثة ومتجاوبة.,ar
Our web development team builds modern responsive websites.,我们的网页开发团队构建现代响应式网站。,zh
AI and Machine Learning solutions to automate workflows.,ورک فلو کو خودکار بنانے کے لیے اے آئی اور مشین لرننگ حل۔,ur
AI and Machine Learning solutions to automate workflows.,حلول الذكاء الاصطناعي والتعلم الآلي لأتمتة سير العمل.,ar
AI and Machine Learning solutions to automate workflows.,人工智能和机器学习解决方案用于自动化工作流程。,zh
Our company provides innovative IT solutions for businesses.,ہماری کمپنی کاروباروں کے لیے جدید آئی ٹی حل فراہم کرتی ہے۔,ur
Our company provides innovative IT solutions for businesses.,تقدم شركتنا حلول تقنية مبتكرة للأعمال.,ar
Our company provides innovative IT solutions for businesses.,我们公司为企业提供创新的IT解决方案。,zh
We specialize in cloud computing and data security.,ہم کلاؤڈ کمپیوٹنگ اور ڈیٹا سیکیورٹی میں مہارت رکھتے ہیں۔,ur
We specialize in cloud computing and data security.,نحن متخصصون في الحوسبة السحابية وأمن البيانات.,ar
We specialize in cloud computing and data security.,我们专注于云计算和数据安全。,zh
Contact us today to scale your digital presence.,اپنی ڈیجیٹل موجودگی کو بڑھانے کے لیے آج ہی ہم سے رابطہ کریں۔,ur
Contact us today to scale your digital presence.,تواصل معنا اليوم لتوسيع وجودك الرقمي.,ar
Contact us today to scale your digital presence.,今天联系我们，扩大您的数字影响力。,zh
Our web development team builds modern responsive websites.,ہماری ویب ڈویلپمنٹ ٹیم جدید اور ریسپانسیو ویب سائٹس بناتی ہے۔,ur
Our web development team builds modern responsive websites.,يبني فريق تطوير الويب لدينا مواقع ويب حديثة ومتجاوبة.,ar
Our web development team builds modern responsive websites.,我们的网页开发团队构建现代响应式网站。,zh
AI and Machine Learning solutions to automate workflows.,ورک فلو کو خودکار بنانے کے لیے اے آئی اور مشین لرننگ حل۔,ur
AI and Machine Learning solutions to automate workflows.,حلول الذكاء الاصطناعي والتعلم الآلي لأتمتة سير العمل.,ar
AI and Machine Learning solutions to automate workflows.,人工智能和机器学习解决方案用于自动化工作流程。,zh
